id,word,category,origin_language,priority,hook
1,nostalgia,medical_coinage,greek,10,Coined in 1688 by Swiss medical student Johannes Hofer to describe homesick mercenary soldiers; nostos (return) + algos (pain).
2,salary,military_roman,latin,5,Roman soldiers were given an allowance to buy salt — sal — and the word for that allowance became 'salary'.
3,quarantine,plague_origin,italian,5,From Venetian 'quaranta giorni' — forty days that arriving ships had to wait offshore during the 1370s Black Death.
4,sandwich,eponym,english,5,"Named for John Montagu, 4th Earl of Sandwich (1762), who ordered meat between bread so he wouldn't have to leave his gambling table."
5,boycott,eponym,english,5,Captain Charles Boycott was a brutal English land agent in 1880 Ireland; tenants refused to deal with him and his name became the word for the tactic.
6,clue,greek_myth,greek,5,Originally 'clew' — the ball of yarn Ariadne gave Theseus to find his way back out of the Minotaur's labyrinth.
7,panic,greek_myth,greek,5,"The Greek god Pan was said to roam forests at midday, and a sudden inexplicable fear was thought to be his work — 'panikos'."
8,mausoleum,eponym,greek,10,"After King Mausolus of Caria, whose 4th century BC tomb at Halicarnassus was so grand it became one of the Seven Wonders."
9,atlas,greek_myth,greek,5,"From the Titan Atlas, condemned by Zeus to hold up the sky; 16th century mapmaker Mercator put his image on a book of maps and the name stuck."
10,tantalize,greek_myth,greek,5,"From King Tantalus, punished in Hades by being stood in water that receded and beneath fruit that pulled away whenever he reached."
11,companion,compound_hidden,latin,10,Late Latin 'companio' — literally 'with bread'. A companion was someone you broke bread with. (com + panis.)
12,dollar,placename,german,10,From Joachimsthaler — silver coins minted in Joachim's Valley (Bohemia) in the 1500s. Shortened to 'thaler' then anglicized to 'dollar'.
13,tragedy,greek,greek,10,"Greek 'tragōidia' — literally 'goat song'. Probably from goats given as prizes in ancient drama contests, though scholars still argue."
14,nightmare,compound_hidden,old_english,5,The 'mare' isn't a horse — it was an evil spirit in Germanic folklore that sat on sleepers' chests and gave them bad dreams.
15,disaster,astrological,italian,5,From Italian 'disastro' — 'dis-' (bad) + 'astro' (star). A disaster was originally a calamity blamed on a malevolent planetary alignment.
16,denim,placename,french,10,From 'serge de Nîmes' — a sturdy twill from the French town of Nîmes. 'De Nîmes' compressed to 'denim'.
17,ketchup,east_asian,malay,10,"From Hokkien 'kê-tsiap' — a fermented fish sauce from coastal China. British sailors picked it up, swapped fish for tomato, and the modern condiment was born."
18,algebra,arabic_loanword,arabic,10,From the 9th century Persian mathematician al-Khwarizmi's book on 'al-jabr' — Arabic for 'restoration' or 'completion'.
19,alcohol,arabic_loanword,arabic,5,From Arabic 'al-kuhl' — originally a finely powdered antimony eye makeup. The meaning drifted through 'any fine essence' to 'distilled spirit'.
20,assassin,arabic_loanword,arabic,5,"From Arabic 'hashashin' — a medieval Persian Shia sect whose members were rumored, perhaps unfairly, to use hashish before political killings."
21,checkmate,persian,persian,5,From Persian 'shah mat' — 'the king is helpless'. Arrived in Europe through Arabic and medieval chess.
22,paradise,persian,persian,5,"From Old Persian 'pairi-daeza' — 'walled enclosure'. Originally a royal garden, then absorbed by Greek and used to translate the Garden of Eden."
23,zero,arabic_loanword,arabic,5,From Arabic 'sifr' — meaning 'empty'. The same word gave us 'cipher'. The concept and the digit reached Europe from India via Baghdad.
24,magazine,arabic_loanword,arabic,10,From Arabic 'makhzan' — storehouse. A military magazine stored gunpowder; a print magazine 'stored' articles.
25,mortgage,latin_root,french,10,Old French 'mort gage' — 'death pledge'. The pledge dies either when the debt is paid or when the property is forfeited.
26,window,compound_hidden,old_norse,10,From Old Norse 'vindauga' — literally 'wind-eye'. Pre-glass windows were just openings the wind blew through.
27,lord,compound_hidden,old_english,10,From 'hlaford' — 'hlaf' (loaf) + 'weard' (keeper). The lord was the one who provided the bread to his household.
28,lady,compound_hidden,old_english,10,From 'hlaefdige' — 'loaf-kneader'. Matched to 'lord' (loaf-keeper). The household's bread economy is buried in both words.
29,galaxy,greek_myth,greek,5,"From Greek 'galaxias' — 'milky'. In myth, the Milky Way was spilled breast milk from the goddess Hera."
30,goodbye,contraction,english,5,A 16th century contraction of 'God be with ye'. The 'good' is a corruption pulled in from 'good day' and 'good night'.
31,handicap,gambling,english,10,"From 'hand in cap' — a 17th century English wagering game where players put forfeit money in a cap to equalize a trade. Spread to horse racing, then to disability."
32,jeans,placename,italian,10,From 'Genoa' — sturdy cotton trousers worn by Genoese sailors. French sailors called them 'bleu de Gênes'.
33,tuxedo,placename,american,10,"From Tuxedo Park, NY — a wealthy 1880s resort club where members popularized a shorter dinner jacket instead of tails."
34,silhouette,eponym,french,10,Étienne de Silhouette was a French finance minister in 1759 whose austerity measures were so stingy that cheap profile-cutouts on paper were mockingly named after him.
35,guillotine,eponym,french,10,"Joseph-Ignace Guillotin didn't invent the device — he just proposed using a beheading machine as a humane, egalitarian execution. The name stuck to his lasting dismay."
36,nicotine,eponym,french,5,"After Jean Nicot, French ambassador to Portugal in 1560, who sent tobacco seeds to the French queen as a headache cure."
37,sideburns,eponym_inverted,english,10,Union General Ambrose Burnside (US Civil War) wore distinctive face-hugging whiskers. 'Burnsides' got inverted to 'sideburns' over a century.
38,mesmerize,eponym,french,10,"After Franz Mesmer, 18th century physician who claimed 'animal magnetism' could heal. His public trances gave us the word."
39,saxophone,eponym,french,10,Belgian instrument maker Adolphe Sax patented it in 1846 — the saxophone is literally 'Sax's phone'.
40,malaria,folk_medicine,italian,10,"From Italian 'mala aria' — 'bad air'. For centuries people blamed the disease on swampy night vapors, not the mosquito carrying it."
41,influenza,astrological,italian,10,Italians blamed the disease on the 'influence' of the stars. 'Influenza di stelle' shortened to 'influenza'.
42,vaccine,medical,latin,5,Edward Jenner used cowpox to inoculate against smallpox. Latin 'vacca' means cow — every modern vaccine still wears that origin.
43,muscle,latin_root,latin,10,From Latin 'musculus' — 'little mouse'. Romans thought a flexed bicep looked like a mouse running under the skin.
44,avocado,native_american,nahuatl,5,"From Nahuatl 'āhuacatl' — also their word for testicle, after the fruit's shape and habit of growing in pairs."
45,orchid,greek,greek,10,From Greek 'orkhis' — testicle. The flower's twin underground tubers reminded ancient botanists of anatomy.
46,orange,n_shift,arabic,10,Arabic 'nāranj' came through Old French as 'norange'. 'A norange' got misheard as 'an orange' and the 'n' was lost forever.
47,apron,n_shift,french,10,Originally 'napron' (a small cloth). 'A napron' got misanalyzed as 'an apron' in Middle English — same fate as orange.
48,umpire,n_shift,french,10,"Old French 'noumpere' — 'not a peer', meaning a neutral third party. 'A noumpere' became 'an oumpere' became 'umpire'."
49,nickname,n_shift_reverse,english,10,From 'an ekename' — 'eke' meaning additional. 'An ekename' got reanalyzed as 'a nekename' and the 'n' migrated leftward.
50,lukewarm,redundant_compound,middle_english,20,'Luke' is itself an old word for tepid. 'Lukewarm' means 'warm-warm' — a redundancy nobody notices.
51,dandelion,foreign_phrase,french,10,"From French 'dent de lion' — 'tooth of the lion', after the jagged leaves. Compressed to one word in English."
52,honeymoon,folk_metaphor,old_english,10,"Originally bitter: the sweetness of new marriage was likened to honey, but expected to wane like the moon. Now stripped of its warning."
53,blackmail,medieval,scottish,10,From Scottish border raiders' 'black rent' — protection money paid by farmers to chieftains. 'Mail' meant payment in Old English.
54,sincere,folk_etymology,latin,20,"Folk etymology says 'sine cera' — without wax — from sculptors filling cracks. Linguists doubt this, but the story is too good to die."
55,ostracize,greek_democracy,greek,5,"In 5th century BC Athens, citizens scratched names on broken pottery shards — 'ostraka' — to vote dangerous men into exile."
56,decimate,military_roman,latin,5,"Roman generals punished mutinous legions by killing one in ten — chosen by lot, beaten to death by the other nine. Literally 'decimation'."
57,precarious,latin_root,latin,10,From Latin 'precari' — to pray. A precarious holding was one you possessed only by another's prayer-like sufferance.
58,nice,semantic_shift,latin,5,"From Latin 'nescius' — ignorant. The word traveled through 'foolish', then 'fastidious', then 'agreeable' to today's 'pleasant'."
59,silly,semantic_shift,old_english,10,"From 'saelig' — blessed, happy. Drifted to 'innocent' to 'naive' to 'foolish' over a thousand years."
60,awful,semantic_shift,old_english,10,Once 'full of awe' — used for things that inspired reverence. The 18th century flipped it to mean dreadful.
61,terrific,semantic_shift,latin,10,Originally 'causing terror'. The cheerful modern meaning is a 20th century inversion that almost nobody notices.
62,enthusiasm,greek_religious,greek,10,From Greek 'en-theos' — 'god within'. Originally meant religious possession; the Enlightenment downgraded it to mere zeal.
63,fanatic,latin_religious,latin,10,From Latin 'fanum' — temple. A fanatic was someone inspired (or maddened) by a god while inside a temple.
64,genius,roman_religious,latin,10,"In Roman belief, every person had a 'genius' — a guardian spirit assigned at birth. Only later did the word mean brilliance."
65,robot,literary_coinage,czech,5,Coined by Karel Čapek's 1920 play R.U.R. — from Czech 'robota' meaning forced labor. His brother actually invented the word.
66,zombie,west_african,kongo,5,From West African 'nzambi' — god or spirit — via Haitian Vodou into 1920s American horror cinema.
67,taboo,polynesian,tongan,10,"From Tongan 'tabu' — sacred, forbidden, untouchable. Captain Cook brought it back to Europe in 1777."
68,shampoo,hindi_loanword,hindi,5,"From Hindi 'chāmpo' — meaning 'to press, knead' — the head massage offered in Indian bathhouses. British colonists Anglicized it."
69,juggernaut,hindi_loanword,sanskrit,5,"From Sanskrit 'Jagannātha' — Lord of the World, a form of Krishna. British observers wrongly believed worshippers threw themselves under the festival cart."
70,avatar,sanskrit_loanword,sanskrit,10,From Sanskrit 'avatāra' — 'descent'. A god's descent to earth in physical form. The internet borrowed it for our digital descents.
71,pajamas,persian,persian,10,"From Persian 'pāy-jāmah' — 'leg garment'. Loose trousers worn in South Asia, adopted by British colonists for sleepwear."
72,bungalow,hindi_loanword,bengali,10,From Bengali 'bāṅglā' — 'in the Bengali style'. A one-storey thatched house British colonists copied across the empire.
73,loot,hindi_loanword,hindi,10,From Hindi 'lūṭ' — plunder. Picked up by British soldiers during the East India Company campaigns.
74,guru,sanskrit_loanword,sanskrit,10,"From Sanskrit 'guru' — heavy, weighty, venerable. The teacher heavy with knowledge."
75,nirvana,sanskrit_loanword,sanskrit,10,"From Sanskrit 'nirvāṇa' — 'blowing out', as of a flame. The extinguishing of desire — not bliss, but cessation."
76,typhoon,convergent,greek_chinese,10,"Two roots merged: Greek 'tuphōn' (whirlwind, also a monster) and Chinese 'tai fung' (great wind). English absorbed both into one word."
77,hurricane,native_american,taino,5,From Taino 'huracán' — the storm god of the Caribbean. Spanish conquistadors carried the word back to Europe in the 1500s.
78,chocolate,native_american,nahuatl,5,From Nahuatl 'xocolātl' — likely 'bitter water'. Pre-Columbian Aztecs drank it unsweetened and spiced; Europeans added sugar later.
79,coyote,native_american,nahuatl,10,From Nahuatl 'coyōtl'. Spanish colonists carried it north; English picked it up unchanged.
80,canoe,native_american,taino,10,From Taino 'canoa' — one of the first Caribbean words Columbus's crew brought home in 1492.
81,lunatic,astrological,latin,10,From Latin 'lunaticus' — 'moonstruck'. People genuinely believed the moon's phases caused episodic madness.
82,saturnine,astrological,latin,20,"Born under Saturn was to be gloomy, slow, brooding — astrology shaped European personality vocabulary for centuries."
83,mercurial,astrological,latin,20,Mercury's planet ruled quick wit and quicker temper. The metal that flowed at room temperature reinforced the metaphor.
84,jovial,astrological,latin,20,Born under Jupiter (Jove) was to be cheerful and expansive — the king-planet's lucky influence.
85,martial,astrological,latin,20,Mars ruled soldiers and war. To be martial was to be governed by the red planet.
86,narcissism,greek_myth,greek,5,"From Narcissus, the young man who fell in love with his own reflection in a pool and could not look away until he died."
87,herculean,greek_myth,greek,5,"From Hercules, whose mythological twelve labors — each meant to be impossible — gave us the adjective for any monstrous task."
88,mentor,greek_myth,greek,5,"From Mentor, the trusted advisor Odysseus left in charge of his son Telemachus. The character's name became the role."
89,odyssey,greek_myth,greek,5,"From Odysseus's ten-year journey home from Troy. Any long, transformative trip now borrows his name."
90,arctic,greek,greek,10,From Greek 'arktos' — bear. Named for the constellation Ursa Major hanging permanently in the northern sky.
91,cosmos,greek,greek,5,"Greek 'kosmos' — order, arrangement. To call the universe a cosmos is to assert it isn't chaos."
92,chaos,greek_myth,greek,10,"In Hesiod, Chaos was the primordial yawning void from which everything emerged. Modern usage flattened it to mere disorder."
93,drama,greek,greek,20,"From Greek 'dran' — to do, to act. Drama was literally 'something done', as opposed to merely narrated."
94,theater,greek,greek,20,From Greek 'theatron' — 'a place for seeing'. The architecture defined the artform.
95,sabotage,industrial,french,10,"From French 'sabot' — wooden clog. Disgruntled workers reportedly hurled them into machinery; whether literally or not, the word stuck."
96,android,greek_compound,greek,10,From Greek 'andros' (man) + 'eidos' (form). Coined in the 18th century for human-shaped automatons long before electronics.
97,gym,greek,greek,20,From Greek 'gymnasion' — 'place to be naked'. Ancient Greek athletes trained without clothes.
98,academy,greek,greek,20,"After Akademos, the Greek hero whose grove of olive trees outside Athens became Plato's school site."
99,sarcophagus,greek_compound,greek,10,Greek 'sarx' (flesh) + 'phagein' (to eat). Made of a limestone that was believed to consume the corpse inside.
100,butterfly,folk_etymology,old_english,20,Old English 'buterfleoge'. The folk theory: yellow butterflies were thought to steal milk and butter from open dairies.
101,admiral,arabic_loanword,Arabic,5,"The highest rank in a navy comes from Arabic 'amir al-bahr' — commander of the sea — but medieval Christian scribes misread the 'al-' as part of the word itself, accidentally fusing the definite article into the title and handing English the word 'admiral' with a phantom letter."
102,mattress,arabic_loanword,Arabic,10,The thing you sleep on traces to Arabic 'al-matrah' — literally 'the place where something is thrown down' — because Arab sleepers threw cushions and carpets on the floor; Crusaders brought the concept and the word back to medieval Europe.
103,elixir,arabic_loanword,Arabic,10,"Alchemists borrowed the Arabic 'al-iksir' — the philosopher's stone — which itself came from Greek 'xerion', a dry powder for healing wounds; what began as a wound-dressing became the legendary substance alchemists believed could transmute lead into gold."
104,musk,arabic_loanword,Sanskrit,10,The luxurious perfume ingredient traces back to Sanskrit 'muska' meaning testicle — because the musk deer's scent gland was thought to resemble a scrotum — then traveled through Persian 'mushk' and Arabic 'misk' before entering every European perfumer's vocabulary.
105,coffee,arabic_loanword,Arabic,5,"The word came from Arabic 'qahwah', possibly meaning wine or linked to the Kaffa region of Ethiopia where the plant originated; it traveled through Turkish 'kahveh' and Dutch 'koffie' to reach English around 1600, long before coffee conquered the West."
106,alchemy,arabic_loanword,Arabic,10,"From Arabic 'al-kimiya', which likely came from a Greek word for Egypt — 'Khem', the Black Land — meaning medieval Islamic scholars preserved and expanded Egyptian and Greek knowledge of transforming matter, and their Arabic article 'al-' is still visible in the English word today."
107,crimson,arabic_loanword,Arabic,10,"The deep red colour traces to Arabic 'qirmizi', from 'qirmiz' — the kermes insect — a tiny scale bug harvested from oak trees whose crushed bodies produced the most vivid red dye in the ancient world, a secret kept by Arab traders who spread the word and the colour across medieval Europe."
108,lute,arabic_loanword,Arabic,10,The Renaissance instrument at the heart of European music is named from Arabic 'al-oud' — literally 'the wood' — because its belly was made of wood rather than the leather used on other Arabic instruments; Moorish musicians carried it into Spain in the 9th century and it conquered every European court.
109,amber,arabic_loanword,Arabic,10,"The word originally meant ambergris — the waxy secretion of sperm whales prized in perfumery — from Arabic 'anbar'; medieval Europeans extended the name to Baltic fossil resin because both washed up on beaches, leaving us with a colour named after a whale's stomach contents."
110,safari,arabic_loanword,Arabic,10,"The word for a wildlife expedition comes from Swahili 'safari', itself borrowed from Arabic 'safar' meaning journey or travel; Arab traders established the word in East Africa centuries before European explorer Richard Burton introduced it to English in the 1850s."
111,talisman,arabic_loanword,Arabic,10,"From Arabic 'tilsam', borrowed from Byzantine Greek 'telesma' meaning 'completion' or 'religious rite'; what began as a Greek word for paying taxes and completing ceremonies became, via Arabic, the English word for a magical protective charm."
112,tycoon,east_asian,japanese,5,"American businessmen borrowed their power title from Japan's shoguns: 'tycoon' entered English in 1857 as taikun (大君, 'great lord'), a term the shogun's court used when speaking to foreigners to make the shogun sound more important than the emperor. By 1861 Lincoln's secretary John Hay was already using it loosely for any powerful man."
113,gung-ho,east_asian,mandarin,5,"U.S. Marine Colonel Evans Carlson borrowed gung-ho from the Mandarin acronym 工合 (gōnghé) for the Chinese Industrial Cooperative Society in the 1930s, reinterpreting it as 'work together' and making it the motto of his elite WWII raider battalion. The 1943 film Gung Ho! about Carlson's Makin Island raid spread the word nationwide, permanently shifting its meaning to reckless enthusiasm."
114,honcho,east_asian,japanese,10,"American GIs stationed in postwar Japan brought home 班長 (hanchō, 'squad leader') in 1947, turning a military rank from the Japanese army into everyday English slang for whoever is in charge."
115,tsunami,east_asian,japanese,5,"English borrowed 津波 (tsu 'harbor' + nami 'wave') from Japanese after the catastrophic June 15, 1896 Meiji Sanriku earthquake wave killed over 22,000 people, because 'tidal wave' was technically wrong — the ocean floor quake, not the tide, caused it."
116,emoji,east_asian,japanese,5,"Shigetaka Kurita, an NTT DoCoMo engineer, coined 絵文字 (e 'picture' + moji 'character') in 1999 to fit tiny weather icons into Japan's i-mode mobile service — the resemblance to English 'emotion' is pure coincidence."
117,rickshaw,east_asian,japanese,10,"Rickshaw is a clipped form of 人力車 (jinrikisha, 'human-power-vehicle'), coined in Japan around 1869–1873; the shortened form arrived in English by 1885 partly through Rudyard Kipling's ghost story 'The Phantom Rickshaw,' where he spelled it 'rickshaw' with an apostrophe showing the dropped syllables."
118,kowtow,east_asian,mandarin,5,"Kowtow entered English in 1804 as a noun for the Chinese ritual of kneeling and touching your forehead to the floor — 磕頭 (kòutóu, literally 'knock head') — and within 22 years English speakers were using it as a verb purely for groveling, never bowing."
119,brainwash,east_asian,mandarin,5,"Brainwash is a Cold War calque: English literally translated the Mandarin 洗腦 (xǐ nǎo, 'wash brain'), a term used to describe thought-reform campaigns in Communist China, first appearing in English in 1950 during the Korean War."
120,tea,east_asian,hokkien,5,"How the world says 'tea' reveals its trade route: countries reached by sea got the Hokkien Amoy dialect word tê (荼) — tea, thé, tee — while overland traders got Mandarin chá — cha, chai, chay. The Dutch East India Company, shipping from Amoy from 1610, handed almost all of Europe the Hokkien version."
121,amok,east_asian,malay,10,"Amok comes from Malay amuk ('attacking furiously'), first recorded in a 1516 account by Duarte Barbosa describing Javanese men who would arm themselves and rush into crowds killing indiscriminately — the Europeans had no word for it, so they borrowed the local one."
122,cooties,east_asian,malay,20,"The playground taunt 'cooties' traces to Malay kutu ('parasitic biting insect') — British sailors picked it up in Southeast Asian ports, soldiers carried it into WWI trenches as slang for body lice in 1917, and somehow it survived a century to become a children's game about imaginary germs."
123,boondocks,east_asian,tagalog,20,"When American soldiers were deployed to the Philippine mountains in the 1910s, they borrowed Tagalog bundok ('mountain') to mean any remote, wild terrain — it re-entered use in WWII and became permanent American slang for the middle of nowhere."
124,yen,east_asian,cantonese,10,"The everyday English 'yen' for a strong craving started as opium-trade slang: from Cantonese yan (煙, craving), first recorded in English in 1876 specifically meaning 'intense opium craving,' then broadening to any deep longing by 1906 — its sound overlap with 'yearn' helped it stick."
125,cardigan,eponym,english,5,"Named after James Thomas Brudenell, 7th Earl of Cardigan (1797–1868), who allegedly wore the knitted jacket while leading the disastrous Charge of the Light Brigade at Balaclava in 1854; the word entered use by 1868."
126,wellington,eponym,english,10,"Named after Arthur Wellesley, 1st Duke of Wellington (1769–1852), victor of Waterloo; the tall rubber boot style bearing his name was documented as early as 1817, following his military fame."
127,shrapnel,eponym,english,10,"Named after General Henry Shrapnel (1761–1842), who invented the exploding shell packed with bullets while serving in the Royal Artillery; first recorded in 1806."
128,bowdlerize,eponym,english,10,"Named after Thomas Bowdler (1754–1825), who published a family-friendly expurgated edition of Shakespeare in 1818; the verb 'to bowdlerize' — meaning to prudishly censor text — appeared by 1836."
129,leotard,eponym,french,10,"Named after Jules Léotard (1830–1870), a celebrated French trapeze artist who performed in the tight one-piece garment; the word entered English in 1881."
130,pasteurize,eponym,french,10,"Named after Louis Pasteur (1822–1895), the French chemist and bacteriologist who developed the heat-treatment process for killing pathogens in milk and wine; the verb is recorded from 1881."
131,galvanize,eponym,italian,10,"Named after Luigi Galvani (1737–1798), an Italian anatomist at Bologna who discovered that electrical current causes muscle contractions while experimenting on dead frogs c. 1792; the English verb appeared in 1801."
132,diesel,eponym,german,10,"Named after Rudolf Diesel (1858–1913), the German engineer who patented and demonstrated his compression-ignition internal combustion engine in 1894."
133,maverick,eponym,english,10,"Named after Samuel A. Maverick (1803–1870), a Texas rancher famously negligent in branding his calves; by 1867 an unbranded calf was called a 'maverick,' and by the 20th century the word described any rugged individualist."
134,dunce,eponym,english,10,"Named after the Scottish scholastic theologian John Duns Scotus (c. 1265–1308), whose devoted followers so obstinately resisted Renaissance learning that Humanists turned 'Dunsman' into a byword for a dull-witted pedant; recorded by the 1520s."
135,quisling,eponym,norwegian,10,"Named after Vidkun Quisling (1887–1945), the Norwegian fascist who headed the Nazi puppet government during the German occupation of Norway in World War II and was executed for treason in 1945; coined in the London Times on April 15, 1940."
136,lynch,eponym,english,10,"Named after William Lynch (1742–1820) of Pittsylvania, Virginia, who c. 1780 led an extrajudicial vigilance committee to punish Loyalists during the American Revolution; 'Lynch law' appeared in print by 1811."
137,gerrymander,eponym,english,10,"Named after Elbridge Gerry (1744–1814), Governor of Massachusetts, who in 1812 signed a redistricting bill creating a bizarrely salamander-shaped district; a Boston newspaper editor coined 'Gerrymander' that same year."
138,algorithm,eponym,arabic,10,"Derived from al-Khwarizmi, the Latinised name of the 9th-century Persian mathematician Muhammad ibn Musa al-Khwarizmi, whose treatises introduced Hindu-Arabic numerals and systematic calculation methods to medieval Europe."
139,braille,eponym,french,10,"Named after Louis Braille (1809–1852), a French teacher who was blinded at age 3 and developed the raised-dot reading system c. 1830; the word entered English in 1853."
140,zeppelin,eponym,german,10,"Named after Count Ferdinand von Zeppelin (1838–1917), the German military officer and aviation pioneer who perfected the rigid airship design; the first Zeppelin flew in 1900 and the word entered German as 'Zeppelinschiff' that year."
141,teddy,eponym,english,10,Named after U.S. President Theodore 'Teddy' Roosevelt (1858–1919); a 1906 New York Times comic poem about two bears named 'Teddy' — alluding to his reputation as a big-game hunter — gave the stuffed toy bear its enduring name.
142,derrick,eponym,english,10,Named after a notorious hangman surnamed Derrick who presided at Tyburn gallows around 1606–1608 and was frequently referenced in contemporary plays; the hoisting apparatus takes its name from the structural resemblance to his gallows.
143,bowie,eponym,english,10,"Named after Colonel James 'Jim' Bowie (1799–1836), the American frontiersman and hero of the Alamo, who popularised the heavy single-edged sheath knife bearing his name; first recorded in 1827."
144,curfew,compound_hidden,french,5,From Old French 'couvre-feu' — literally 'cover the fire.' A bell rung at 8–9 p.m. ordered medieval households to bank their hearths to prevent fires spreading through timber towns; the movement-restriction meaning didn't emerge until the 1800s.
145,tennis,folk_etymology,french,5,"From Anglo-French 'tenetz' — the imperative of 'tenir' (to hold, receive, take). It was the server's cry to the opponent before striking the ball, essentially: 'Here it comes, catch this!' The sport borrowed its name from a shout."
146,mayday,folk_etymology,french,5,From French 'm'aidez' (help me). Chosen at a London meeting of European aircraft manufacturers in 1923 as a radio-telephone distress call — picked because it sounds identical in English and French and couldn't be mistaken for anything routine.
147,gauche,semantic_shift,french,5,From French 'gauche' meaning 'left.' The same word that simply means the left side in French carries the baggage of clumsiness in English — because in most cultures the left hand was associated with awkwardness and bad luck. Entered English in 1751.
148,umbrella,semantic_shift,italian,5,"From Italian 'ombrello,' from Latin 'umbra' (shade, shadow). The umbrella was invented as a sun-shade in the Mediterranean, not a rain-shield — protection from light, not water. Men in England didn't adopt rain umbrellas until around 1750, and were mocked for it."
149,guerrilla,military_roman,spanish,5,"From Spanish 'guerrilla,' literally 'little war' — diminutive of 'guerra' (war), from Germanic roots. Entered English in 1809 during the Peninsular War, when Spanish peasants and shepherds harassed Napoleon's occupying army through ambush and sabotage, inventing the modern concept of irregular warfare."
150,alligator,folk_etymology,spanish,5,"From Spanish 'el lagarto (de Indias)' — 'the lizard of the Indies.' When Spanish conquistadors encountered the creature in the 1560s, they described it as a giant lizard. English sailors and settlers ran the words together: 'el lagarto' → 'alagarto' → 'alligator.'"
151,tawdry,eponym,french,10,"From 'tawdry lace' — a misdivision of 'St Audrey's lace,' cheap ribbons sold at St Audrey's Fair in Ely on October 17th. Saint Audrey (Queen of Northumbria, d. 679) reportedly died of a throat tumor she considered divine punishment for the gaudy necklaces of her youth. Her fair's cheap imitation lace gave English the word for cheap gaudiness."
152,gossamer,compound_hidden,french,10,"Likely from 'gos' (goose) + 'sumer' (summer), c.1300 — the season of late autumn when geese are in season and spider silk floats through the air. Languages across Europe independently coined similar terms: Swedish 'sommartrad' (summer thread), German 'Mädchensommer' (girls' summer). The word for the most delicate thing in nature means 'goose summer.'"
153,chauffeur,industrial,french,10,"From French 'chauffeur' — literally 'stoker' or 'one who heats,' from 'chauffer' (to heat). The title was coined in the era of steam-powered cars, when someone literally had to stoke a boiler to drive. By 1896 it applied to motorcar operators; by 1902 it narrowed to a paid private driver. The word still carries the heat."
154,pedigree,compound_hidden,french,10,From Anglo-French 'pe de gru' / Old French 'pied de grue' — literally 'foot of a crane.' Medieval scribes marked genealogical lines on manuscripts with a forked symbol that resembled branching family lines AND the three-toed footprint of a crane. The word for aristocratic lineage is a bird's footprint.
155,berserk,compound_hidden,old norse,5,"From Old Norse 'berserkr' — most likely 'bear-shirt' (ber = bear, serkr = shirt), referring to Norse warriors who fought clad in animal hides and worked themselves into a trance-like battle fury. The rival theory that it means 'bare-shirt' (fighting without armour) is now considered unlikely by scholars."
156,ransack,compound_hidden,old norse,10,"From Old Norse 'rannsaka' — literally 'to search the house' (rann = house, saka = to seek), originally a legal term for searching premises for stolen goods. English borrowed it with the opposite moral valence: violent plunder rather than lawful inquiry."
157,gun,eponym,old norse,10,"Traced to 'Domina Gunilda' — Lady Gunhilda — a large siege engine recorded in a 1330 Windsor Castle munitions inventory. Small hand-held cannons were nicknamed 'gonne' after her; the name itself is Old Norse Gunnhildr, a compound of gunnr and hildr, both meaning 'war' or 'battle.'"
158,bonfire,compound_hidden,old english,10,"Attested in the 1480s as 'banefire' — literally a fire of bones, used to burn animal or human remains. Samuel Johnson guessed the first syllable came from French 'bon' (good), but the bone-fire etymology is confirmed: mixing a French prefix with the native word 'fire' would have been linguistically anomalous."
159,nostril,compound_hidden,old english,10,"From Old English 'nosþyrl' — literally 'nose-hole' (nosu = nose, þyrel = hole or aperture). The second element 'þyrel' fell out of use as a standalone word and its form was gradually corrupted inside the compound, leaving a word almost nobody recognises as a two-part anatomical description."
160,gossip,semantic_shift,old english,5,"From Old English 'godsibb' — literally 'god-sibling' (god + sibb = relative), meaning a baptismal sponsor or godparent. A godsibb was spiritually bound to your family; by Middle English the word meant a close friend, and by the 1600s it had drifted to mean idle chatter — gossip you'd exchange with those intimate companions."
161,bridal,compound_hidden,old english,5,"From Old English 'brydealu' — literally 'bride-ale,' the drinking feast that marked a wedding (bryd = bride, ealu = ale/feast). After the 1600s, the -ale ending was reanalysed as the common adjectival suffix -al (as in 'funeral'), and the beer-feast origin was completely forgotten."
162,bless,compound_hidden,old english,5,"From Old English 'bletsian,' derived from Proto-Germanic *blodison meaning to hallow or mark with blood (blod = blood). The word originally described a pagan ritual of blood-sprinkling on altars; Old English Bible translators repurposed it to render Latin 'benedicere' (to speak well of), layering a Christian meaning onto a blood-rite."
163,barn,compound_hidden,old english,10,"From Old English 'bereærn' — literally 'barley-house' (bere = barley, ærn = house or storage place). Barley was the dominant crop in Anglo-Saxon England and the barn was specifically its storage building; the word broadened over centuries to mean any agricultural outbuilding."
164,husband,compound_hidden,old norse,10,"From Old Norse 'husbondi' — literally 'house-dweller' or 'one who manages a household' (hus = house, bondi = one who dwells, from bua = to dwell). The word originally meant master of the house and said nothing about marriage; the marital sense narrowed only in later English."
165,world,compound_hidden,old english,10,"From Old English 'woruld,' a Proto-Germanic compound literally meaning 'age of man' (wer = adult male human, the same root still alive in werewolf; ald/eld = age). The word originally meant human life on earth as opposed to the afterlife, before expanding to encompass all of creation."
166,starboard,compound_hidden,old english,10,"From Old English 'steorbord' — the steer-board side (steor = rudder/steering paddle, bord = ship's side). Before rudders, ships were steered with an oar mounted on the right-hand side; sailors docked on the opposite side to protect the oar, which is why the left side became the docking — or 'port' — side."
167,hangnail,folk_etymology,old english,10,"Corrupted from Old English 'angnægl' — ang (tight, painful) + nægl (nail, originally meaning an iron nail-head, not a fingernail). The word once meant a hard corn on the foot. When 'ang-' became unrecognisable, speakers reinterpreted it as 'hang' and shifted the referent to the torn skin beside a fingernail — a complete folk-etymology makeover."
168,hussy,semantic_shift,old english,10,"A contracted form of Middle English 'husewif' (housewife), from Old English hus (house) + wif (woman). In the 1520s 'hussy' and 'housewife' were the same word in casual vs. careful speech; by 1650 the contracted form was drifting toward 'a woman of improper behaviour,' and by the mid-1700s the split was complete — one form respectable, the other an insult."
169,aftermath,compound_hidden,old english,10,"From Old English 'after' + 'mæð' (a mowing), related to the verb māwan (to mow). The literal meaning, attested in the 1520s, was the second crop of grass that grew after the first was cut. The figurative sense of 'consequences following a destructive event' developed by the mid-1600s, but the harvesting image is still in the word."
170,werewolf,compound_hidden,old english,10,"From Old English 'werewulf' — wer (adult male human; the same root as in 'world') + wulf (wolf). The prefix wer-, which once meant man in several Germanic languages, survived in English only inside this one compound; everywhere else, 'man' displaced it, leaving werewolf as a fossil preserving a word otherwise extinct in English."
171,hector,greek_myth,greek,10,"By the 1650s London slang had twisted the name of Homer's noblest Trojan warrior into a verb meaning 'to bully and bluster' — the sharpest possible irony, since Hector had been a byword for heroic virtue since Chaucer. The semantic U-turn happened because street gangs of Restoration London called themselves 'Hectors' and acted anything but."
172,hermetic,greek_myth,greek,5,"Every vacuum-sealed jar is named after Hermes Trismegistus ('Thrice-Great Hermes'), a legendary Greco-Egyptian alchemist-deity credited with inventing an airtight glass-tube seal. 'Hermetically sealed' entered English in the 1600s from alchemical manuscripts, meaning literally 'closed by the method of Hermes.'"
173,epicurean,greek_myth,greek,10,"Epicurus (341–270 BC) actually taught modest pleasures and tranquil contentment (ataraxia), not gluttony — his Stoic rivals deliberately smeared his philosophy as sensual excess. By the 1560s 'epicurean' had completed the hostile takeover, permanently lodging the rival faction's lie in the English language."
174,cynic,greek_myth,greek,10,"The Cynics got their name from Kynosarges ('Place of the White Dog'), the Athenian gymnasium where founder Antisthenes taught — though the 'dog-like' tag (Greek kynikos, from kyōn, 'dog') also stuck because Diogenes famously slept in a barrel and begged like a stray. Both stories are confirmed; the school literally taught philosophy at the Dog Yard."
175,sarcasm,greek_myth,greek,5,"From Greek sarkazein — literally 'to strip flesh from bone, as dogs do' — from sarx ('flesh, piece of meat'). The word entered English in the 1570s via Late Latin sarcasmus, still carrying the visceral image of teeth tearing into tissue long before it softened into a merely cutting remark."
176,cemetery,greek_myth,greek,10,"Early Christian writers deliberately chose Greek koimeterion ('sleeping place, dormitory,' from koiman 'to put to sleep') over the pagan word for graveyard, encoding the theology of resurrection into the very noun — a burial ground was not where the dead ended but where they slept, waiting. The displaced Old English word, licburg, simply meant 'corpse-town.'"
177,sycophant,greek_myth,greek,10,"Greek sykophantēs means literally 'one who shows the fig' (sykon = fig, phainein = to show), but not because ancient informers reported stolen figs — that theory is explicitly rejected by the OED. The real referent was an obscene hand gesture (thumb thrust between fingers), making every flatterer a secret obscene-gesture-man frozen in etymology."
178,phosphorus,greek_myth,greek,10,"Phosphoros was the Greek name for the morning star (Venus at dawn), meaning 'torchbearer' (phōs = light, phoros = bearer). When Hamburg alchemist Henning Brand isolated a glowing substance from urine in 1669 — the first element discovered by a named individual — the ancient starname stuck perfectly, because the element literally shone in the dark."
179,lethargy,greek_myth,greek,10,"Lethargy fuses two Greek words: lēthē — the mythical river in Hades whose waters erased all memory — and argos ('idle, inactive'). A word for tiredness is secretly built from the name of Hell's amnesia-river; every time someone calls you lethargic they are accusing you of drinking from the underworld."
180,morphine,greek_myth,greek,5,"In 1816 German apothecary Friedrich Sertürner named his newly isolated compound after Morpheus, Ovid's god of dreams, because it induced vivid sleep. Morphine became one of the first pharmaceutical drugs named after a deity to describe its psychoactive action — and one of the earliest isolations of an active compound from a plant at all."
181,labyrinth,greek_myth,greek,5,"The word traces to Greek labyrinthos — specifically the structure Daedalus built to imprison the Minotaur at Knossos — but the root itself may be pre-Greek: possibly Lydian labrys ('double-edged axe'), making the labyrinth literally 'the palace of the double axe,' a royal symbol found carved throughout the actual ruins of Knossos."
182,rival,latin_root,latin,10,From Latin rivalis — literally 'one who shares the same stream (rivus).' Roman neighbors who drew water from the same watercourse were rivals because water-rights disputes were fierce; the word migrated from fighting over streams to fighting over anything.
183,sinister,semantic_shift,latin,10,"Latin sinister simply meant 'left hand.' Roman augurs watching birds for omens saw left-side flights as unlucky, so 'sinister' picked up the meaning 'unfavorable, evil' — purely because of which arm pointed that way."
184,candidate,latin_root,latin,5,"From Latin candidatus, 'one dressed in white': Roman office-seekers wore a toga candida — a bright white toga chalked to a dazzling gleam — to signal purity and fitness for office. Every modern candidate is still wearing that toga."
185,trivial,compound_hidden,latin,10,"From Latin trivialis, 'of the crossroads' (tri = three, via = road). A trivium was a busy junction where three roads met; gossip and idle chatter happened there, so 'trivial' came to mean commonplace and unimportant."
186,focus,latin_root,latin,5,"Latin focus meant 'fireplace, hearth' — the literal center of a Roman home where the family gathered. Kepler borrowed it in 1604 to describe the burning convergence point of a lens, and from there it became 'center of attention.'"
187,calculate,latin_root,latin,10,"From Latin calculus, 'small pebble.' Romans did arithmetic by sliding pebbles along grooved counting boards — to calculate was literally 'to pebble.' The same root also gave us kidney stones (calculi) and calculus the branch of mathematics."
188,tribulation,latin_root,latin,10,"From Latin tribulum, the heavy wooden threshing-sledge studded with iron teeth used to beat wheat and separate grain from chaff. Late Latin transferred the image: human suffering is being dragged over the tribulum, ground down like grain."
189,recalcitrant,latin_root,latin,10,"From Latin recalcitrare, 'to kick back' — originally describing a horse or mule that lashes out with its heels at a rider. The word entered English in 1823 to describe people who, like a stubborn mule, refuse to be driven."
190,supercilious,latin_root,latin,10,"From Latin supercilium — literally 'eyebrow' (super = above, cilium = eyelid). The Roman word for haughtiness was simply 'eyebrow' because the physical gesture of raising one's brow at something expressed contempt. Disdain is baked into the word's anatomy."
191,vanilla,latin_root,latin,10,"Spanish vainilla is a diminutive of vaina ('sheath'), from Latin vagina — which first meant the sheath of a sword or the hull of a grain. Spanish explorers named the plant for its pod-shaped seed case, not for any flavour. The word for the world's most popular flavour is Latin for 'little sheath.'"
192,pecuniary,latin_root,latin,10,"From Latin pecunia ('money'), derived from pecus ('cattle, flock'). In early Rome, cattle were the primary measure of wealth — a rich man was literally a man with many cows. Cicero noted that pecunia still transparently meant 'wealth in cattle' in his day."
193,plumber,latin_root,latin,10,"From Latin plumbarius, 'worker in lead' (plumbum = lead). Roman water pipes were made of lead, so a plumber was literally a lead-worker. Lead's chemical symbol Pb and the plumber who fixes your pipes both come from the same Roman word."
194,easel,compound_hidden,latin,10,"From Dutch ezel, meaning 'donkey,' from Latin asinus. Dutch painters of the 17th century called the wooden stand that held their canvases a 'donkey' because it carried the load of their work — the same metaphor used in 'sawhorse' and 'clotheshorse.'"
195,inaugurate,latin_root,latin,10,"From Latin inaugurare, 'to take omens from bird flight.' Roman augurs would watch the sky for hours before any major ceremony; only if the birds flew correctly could a leader be installed. Every presidential inauguration is still, etymologically, a bird-watching ritual."
196,pagan,semantic_shift,latin,10,"Latin paganus meant 'village peasant, country dweller' (from pagus, 'rural district'). When Christianity spread through Roman cities first, the rural holdouts who still kept old gods were mocked with this word — a city-dweller's insult for country folk that became theology."
197,january,latin_root,latin,10,"Named for Janus, the Roman god of doorways and thresholds (ianua = door), depicted with two faces — one looking back at the old year, one forward into the new. January is literally the month of the door between years."
198,explode,semantic_shift,latin,5,"From Latin explodere, 'to drive an actor off stage by loud clapping and booing' (ex = out, plaudere = to clap). When Romans disliked a performance they 'exploded' it — drove the performer away with noise. The theatrical hiss became the word for a bomb."
199,delirious,compound_hidden,latin,5,"From Latin delirare, literally 'to go off the furrow' — de (off) + lira (the plowed furrow in a field). A farmer plowing a straight line who veers wildly off course is delirious. Mental madness borrowed the image of a broken furrow."
200,preposterous,compound_hidden,latin,10,"From Latin praeposterus, literally 'before-behind' (prae = before, posterus = coming after). Romans used it for putting the cart before the horse — having what should be last come first. The word is itself a picture of the absurdity it describes."
201,fascinate,latin_root,latin,10,"From Latin fascinare, 'to bewitch, cast the evil eye,' from fascinus — a phallic amulet worn by Romans to ward off envy and curses. Pliny called it a remedy against the evil eye. The word for being spellbound by someone comes from a Roman lucky charm."
202,arena,latin_root,latin,10,Latin harena simply meant 'sand.' The floors of Roman amphitheaters were spread with sand specifically to absorb the blood of gladiatorial combat. The word for any competitive venue is literally the sand that soaked up blood.
203,cannibal,native_american,taino,5,"Columbus heard the Taino word 'caniba' for the feared Carib people and wrote it down thinking it meant 'subjects of the Great Khan of Asia' — the word spread through Spanish as 'canibal' and became the English word for human flesh-eaters, all because Columbus was convinced he had reached Asia."
204,axolotl,native_american,nahuatl,10,"From Nahuatl 'atl' (water) + 'xolotl' (male servant), literally 'water servant' — the same Xolotl is the Aztec dog-god who guides the dead through the underworld, making the axolotl a creature named after a psychopomp deity."
205,powwow,semantic_shift,algonquian,10,"Originally from Narragansett 'powwaw' — a shaman or medicine man, literally 'one who dreams' (Proto-Algonquian *pawe:wa); by the 1810s English speakers had stripped it of its spiritual meaning entirely and reused it to mean any informal business meeting."
206,chipotle,native_american,nahuatl,10,"A Nahuatl compound hidden in plain sight on every taco truck menu: 'chilli' (chili pepper) + 'poctli' (smoke), meaning literally 'smoked chili' — the Aztecs smoked jalapeños as a preservation technique centuries before the word entered English in 1950."
207,quinine,native_american,quechua,10,"From Quechua 'kina' (bark of the cinchona tree), the antimalarial compound the Inca had used for generations before Spanish Jesuit missionaries brought it to Europe in the 1630s — it went on to save millions of lives and became the world's most important medicine for two centuries."
208,guacamole,native_american,nahuatl,10,"The Nahuatl compound 'ahuaca-molli' — 'ahuacatl' (avocado) + 'molli' (sauce) — entered English in 1913 and has been on menus ever since; 'molli' is also the root of 'mole' (the Mexican sauce), so every time you order guac and mole you are speaking almost pure Nahuatl."
209,jerky,native_american,quechua,10,"Has nothing to do with 'jerking' motion — it comes from Quechua 'ch'arki' (dried flesh), the Andean preservation technique the Inca perfected at altitude; Spanish colonists called it 'charqui' and English speakers eventually clipped it to 'jerky' by the 1850s."
210,tomato,native_american,nahuatl,5,"From Nahuatl 'tomatl', meaning 'the swelling fruit' (from 'tomana', to swell); Europeans called it 'love apple' for 150 years and refused to eat it, growing it only as an ornamental plant — Thomas Jefferson had to champion it in 1789 before Americans would touch it."
211,raccoon,native_american,algonquian,10,"From Powhatan 'arahkun', literally 'he scratches with the hands' — Captain John Smith recorded 'raugroughcum' in 1608; the same root gave rise to the 'coon' abbreviation that became the Whig Party's political symbol in the 1840s, when the raccoon-skin cap was standard campaign iconography."
212,skunk,native_american,algonquian,10,"From Massachusett/Abenaki Algonquian, a compound of 'shek' (to urinate) + 'aakw' (fox) — literally 'urinating fox'; a 1636 French observer called the animal 'enfants du diable' (children of the devil), and an 18th-century Jesuit missionary wrote that Europe should congratulate itself for being unacquainted with this cursed beast."
213,barbecue,native_american,taino,5,"From Taino/Arawakan 'barbakoa' — a raised wooden framework of sticks on posts, used for sleeping or curing meat; Spanish colonists borrowed the word for the cooking structure, not the fire, so 'barbecue' originally meant the grill itself, not what you did with it."
214,hammock,native_american,taino,10,"From Taino/Arawakan 'hamaca', apparently meaning 'fish nets' — the hanging sleeping net Columbus saw in the Caribbean in 1492 was so alien to Europeans that they borrowed the word wholesale; when the word reached Dutch and German, they reinterpreted it by folk etymology as 'hangmat' and 'Hangmatte' (hang-mat)."
215,opossum,native_american,algonquian,10,"From Powhatan 'opassum', equivalent to a Proto-Algonquian term meaning 'white dog' — the first European description of a marsupial in North America, documented around 1600; the animal's habit of feigning death gave English the phrase 'playing possum' by 1822."
216,chipmunk,native_american,algonquian,10,"From Ojibwe 'ajidamoo', literally 'one who descends headfirst' — named for the way the animal runs headlong down trees; English speakers heard 'chitmunk' and reshaped it by association with 'chip' and 'mink', erasing the vivid original image of a headfirst diver."
217,ocelot,native_american,nahuatl,10,"From Nahuatl 'tlalocelotl' — a compound of 'tlalli' (field) + 'ocelotl' (jaguar), meaning 'field jaguar'; French naturalist Buffon coined the French form in the 18th century from the Nahuatl, and the big-cat name entered English in 1775 via French scientific nomenclature."
218,jaguar,native_american,tupi,10,"From Tupi 'jaguara', originally meaning 'any large beast of prey' — not specifically the spotted cat; the same Tupi root gave 'jacare' for alligator, suggesting the Tupi used 'jaguara' as a catch-all for dangerous apex predators, and Europeans narrowed it to one species."
219,tapioca,native_american,tupi,10,"From Tupi 'tipioca' — 'tipi' (residue, dregs) + 'og' (to squeeze out), literally describing the process of squeezing cassava root to extract the starchy liquid that, when dried, becomes the white pearls; the name is essentially a recipe instruction in two syllables."
220,tobacco,native_american,taino,5,"From Taino 'tabaco' — either the rolled leaf itself or the forked pipe used to inhale it (scholars still debate which); Columbus's men encountered it in 1492, the word spread through Spanish into all European languages, and the island of Tobago may itself be named after the smoking pipe."
221,currant,placename,greek,10,"The small berry has nothing to do with its namesake city: 'currant' is a corruption of 'raisins of Corauntz' — raisins exported from Corinth, Greece. By the 1570s, English botanists borrowed the name for an entirely unrelated Northern European berry simply because it looked similar."
222,peach,placename,latin,10,"Romans called it 'malum Persicum' — the Persian apple — because the fruit reached Europe via Persia, even though it is actually native to China. The word shrank from 'Persicum' through Old French 'pesche' into the modern 'peach', erasing both Persia and the apple."
223,turkey,placename,english,5,"The American bird was named after the wrong country: European traders first called guinea fowl 'turkey birds' because they arrived via Ottoman (Turkish) trade routes from Africa. When Spanish explorers brought the New World bird back in the 1500s, the same name stuck — cementing a geographic blunder in English for centuries."
224,cravat,placename,french,5,"Your neck-tie is named after Croatia. In the 1650s, Croatian cavalry ('Cravates' in French) fighting in the Thirty Years' War wore distinctive linen scarves knotted at the throat; Parisian fashion seized on the look, and the word 'cravat' — simply 'Croatian' — became the standard term for the garment."
225,spa,placename,walloon,10,"Every modern day spa, hot tub resort, and wellness retreat takes its name from a single Belgian town: Spa, in the Ardennes, whose iron-rich mineral springs have drawn visitors since the 14th century. The town's name itself comes from Walloon 'espa', meaning simply 'fountain'."
226,bayonet,placename,french,5,"The blade attached to a rifle barrel is named after Bayonne, a Basque city in southwest France, where these short daggers were supposedly first manufactured in the early 17th century. By the 1670s the term shifted from a standalone dagger to the muzzle-mounted infantry weapon that changed warfare."
227,copper,placename,latin,10,"The metal's English name traces directly to the island of Cyprus, the ancient world's primary source of copper. Romans called it 'aes Cyprium' (Cyprian metal), which contracted to Late Latin 'cuprum' and eventually became 'copper' — meaning the periodic table symbol Cu is literally an abbreviation for Cyprus."
228,magnet,placename,greek,10,"The Greeks called it 'ho Magnes lithos' — the Magnesian stone — after Magnesia, a region in ancient Thessaly where ore with magnetic properties was mined. That regional nickname traveled through Latin into every Western European language, making a remote corner of ancient Greece the hidden root of everything from MRI machines to compass needles."
229,champagne,placename,french,5,"The world's most celebrated drink is simply named for the flat, chalky region northeast of Paris: Champagne, from Latin 'campania' meaning open countryside. 'Vin de Champagne' entered English in the 1660s; the irony is that the very word 'campaign' (a military venture across open terrain) shares the same Latin root."
230,cashmere,placename,sanskrit,10,"The luxurious fabric is named after Kashmir, the Himalayan region whose long-haired goats produce the famously soft fiber. The place name itself derives from Sanskrit 'Kashypamara', said to mean 'land of the sage Kashyap' — making your cashmere sweater an indirect reference to an ancient Indian sage."
231,muslin,placename,italian,10,"The sheer cotton fabric takes its name from Mosul, a city in what is now northern Iraq, where fine woven cloth was produced and traded. The word traveled from Arabic into Italian as 'mussolina' (from 'Mussolo', the Italian name for Mosul), then through French into English around 1600."
232,damask,placename,french,10,"The richly patterned woven cloth — and the deep pink rose — both carry the name of Damascus, the Syrian capital that was a medieval center of textile craftsmanship. When the fabric arrived in 14th-century Europe, merchants simply called it 'cloth from Damascus'; the city's name has been woven into the English language ever since."
233,meander,placename,greek,10,"To meander is to wander like a specific river: the Maeander (modern Büyük Menderes) in Caria, western Turkey, was so famous for its winding, looping course that the Greeks used its name as a common verb. The river still snakes across the Turkish plain today, centuries after it donated its name to the English language."
234,marathon,placename,greek,5,"The 26-mile race is named after Marathon, a plain near Athens where the Greeks defeated the Persian army in 490 BCE. According to legend, a runner carried news of the victory to Athens — a story dramatic enough that the 1896 Olympics invented a race to commemorate it, fixing the distance as 26 miles 385 yards only after 1924."
235,tangerine,placename,french,10,"The fruit is named after Tangier, Morocco, the North African port from which it was shipped to Britain in the early 19th century. 'Tangerine orange' first appeared in print in 1820; the color name followed in 1899 — meaning a Moroccan seaport gave its name to both a citrus fruit and a shade of orange."
236,canary,placename,latin,5,"The yellow songbird takes its name from the Canary Islands — but the islands themselves are named after dogs, not birds. Roman writers called them 'Insula Canaria' (Island of Dogs) for the large dogs found there, from Latin 'canis'. The birds exported from the islands in the 16th century inherited the island's name, so every canary in a cage is named after a dog."
237,laconic,placename,greek,5,"Brevity of speech is literally 'Spartan' — 'laconic' comes from Lakonikos, meaning 'of Laconia', the region of ancient Greece whose capital was Sparta. The Spartans were so famously curt that when Philip of Macedon threatened to invade and 'raze Sparta to the ground', the Spartan reply was a single word: 'If.'"
238,frank,placename,old_french,10,"To be frank — open and candid — is etymologically to be a Frank: the Germanic tribal people who conquered Gaul in the 5th century. Because the Franks were the ruling class, only they held the status of free citizens in a world of serfs and slaves; their tribal name became synonymous with freedom, then candor, before the Franks themselves were forgotten."
239,bedlam,placename,english,5,"Bedlam — meaning wild chaos — is a slurred pronunciation of Bethlehem: specifically the Hospital of Saint Mary of Bethlehem in London, which became a lunatic asylum by 1402. By the 1660s 'Bedlam' had drifted from the name of one notorious institution to a general word for any scene of mad confusion."
240,jungle,semantic_shift,sanskrit,5,"The Sanskrit root jangala-s meant arid, sparsely treed wasteland — the exact opposite of dense vegetation. By the time it passed through Hindi into English in 1776, 'jungle' had completely flipped to mean impenetrable overgrowth."
241,thug,sanskrit_loanword,sanskrit,5,The word entered English in 1810 to describe a specific secret cult in India — the Thuggee — who ritually strangled victims with handkerchiefs as offerings to the goddess Kali. Only after British colonial crackdowns in the 1830s did 'thug' drift into a generic word for any violent ruffian.
242,chintz,semantic_shift,sanskrit,10,"Sanskrit chitra-s meant 'bright, clear, variegated' — an entirely positive descriptor. The word entered English in the 1610s as a vibrant printed fabric, but by 1851 the cheapness of the cloth had flipped its meaning: 'chintzy' now means stingy or tacky."
243,gymkhana,semantic_shift,hindi,10,"The original Hindustani gend-khana simply meant 'ball court' — a racquet house. When English speakers adopted it around 1854, they mashed it with 'gymnasium,' completely reshaping it into a word for equestrian competitions that has nothing to do with balls or courts."
244,swastika,semantic_shift,sanskrit,5,"Sanskrit svastika means 'being fortunate' — from su ('well') and asti ('is'), literally 'it is good.' For 5,000 years across Hindu, Buddhist, and Jain traditions it was a symbol of luck and prosperity; by 1932 English dictionaries were forced to add a second definition: the Nazi emblem."
245,karma,semantic_shift,sanskrit,5,Sanskrit karma means 'action' or 'deed' — the technical term for a metaphysical law governing rebirth across lifetimes in Hindu and Buddhist philosophy. It entered English in 1800 with that precise theological meaning; by 1989 Western pop culture had reduced it to a casual concept of cosmic payback.
246,cheetah,sanskrit_loanword,sanskrit,10,"Sanskrit chitraka meant 'speckled one' — from chitra ('distinctively marked, variegated'), describing the animal's spotted coat. The same root gave English 'chintz,' the printed cotton fabric: both a wild cat and a household fabric share a Sanskrit ancestor meaning 'brightly patterned.'"
247,catamaran,sanskrit_loanword,tamil,10,Tamil kattu-maram is a transparent compound: kattu means 'to tie' and maram means 'wood' — a tied-wood raft. This humble description of lashing logs together entered English in the 1670s and became the name for the twin-hulled racing sailboats that now dominate Olympic competition.
248,pariah,semantic_shift,tamil,10,"Tamil paraiyar were drummers — people whose hereditary duty was beating the large parai drum at festivals. Colonial-era Europeans misapplied the term to all low-caste Indians, and by 1819 English had stripped out the occupation entirely, turning a professional title into a universal word for social outcast."
249,placebo,medical_coinage,latin,5,"Latin for 'I shall please' (future tense of placere), the word first meant hired mourners at medieval funerals who sang a vespers psalm beginning 'Placebo Domino.' By 1785 it had shifted to medicine: a pill given 'more to please than to benefit the patient.'"
250,hysteria,medical_coinage,greek,5,"From Greek hystera, 'uterus.' Hippocrates coined the diagnosis in the 5th century BC, attributing a vast range of female ailments — heartburn, vertigo, jealousy — to a 'wandering womb' that migrated around the body causing chaos."
251,gauze,placename,arabic,10,"Almost certainly named after Gaza, the Palestinian city whose weavers produced a famously diaphanous fabric traded along medieval Silk Road routes; the word reached English via French gaze and Spanish gasa, with Arabic qazz ('raw silk') as the likely root."
252,jersey,placename,english,10,"Named for the Channel Island of Jersey, whose fishermen and knitters built a 16th-century reputation for fine wool stockings. The earliest written record dates to 1583; by the 1840s the word had expanded from the island's fabric to the garment itself."
253,khaki,placename,persian,10,"From Urdu khaki meaning 'dusty,' derived from Persian khak, 'dust or earth.' British cavalry in India adopted the dust-coloured uniform in 1846 precisely because it didn't show dirt and provided natural camouflage — the word arrived in English along with the cloth."
254,lens,latin_root,latin,10,"Latin for 'lentil.' When 17th-century opticians needed a word for their double-convex glass discs, they reached for the humble legume: a lentil seed and an optical lens are the same plano-convex shape. The first recorded optical use is from the 1690s."
255,iris,greek_myth,greek,10,"Iris was the Greek goddess of the rainbow and messenger of the gods. Because the colored ring of the human eye can appear in so many hues, the physician Rufus of Ephesus named it after her around the 1st–2nd century CE — a goddess's name now inside every eye."
256,pupil,latin_root,latin,10,"From Latin pupilla, 'little doll' (diminutive of pupa, 'girl'). When you look closely into someone's dark pupil, you see a tiny reflected image of yourself — the Romans thought it looked like a miniature doll, and named the eye's aperture accordingly."
257,atom,latin_root,greek,10,"From Greek atomos, 'uncuttable' (a- 'not' + tomos 'cut'). Democritus proposed around 440 BCE that matter, if divided endlessly, would reach a point impossible to split further. We now know atoms are very much cuttable — but the 2,500-year-old name stuck."
258,gas,literary_coinage,greek,10,"Invented from scratch in 1648 by Belgian chemist Jan Baptist van Helmont, who deliberately modelled the word on Greek khaos ('void, chasm') — in Dutch his pronunciation of 'gh' sounded like the 'ch' in chaos. He needed a term for the mysterious air-like vapours he was discovering in his lab."
259,virus,latin_root,latin,10,"Latin virus meant 'poison, venom, slime' — originally the foul fluid secreted by a wound. The word entered English in the 14th century as just 'poisonous substance'; in 1898 Dutch microbiologist Martinus Beijerinck resurrected it for his newly discovered, filterable pathogen smaller than any known bacterium."
260,hormone,medical_coinage,greek,10,"Coined in 1905 by British physiologist Ernest Starling, who consulted a Cambridge classics scholar for a suitable Greek root. They chose hormon, from horman 'to urge, set in motion' — a perfect description for the body's chemical messengers that prod distant organs into action."
261,magenta,placename,italian,10,"French chemist François Verguin patented a vivid crimson-pink aniline dye in 1859, originally calling it fuchsine. Just weeks later, Napoleon III's forces defeated Austria in the bloodbath at the Battle of Magenta (4 June 1859), and the colour was immediately renamed to commemorate the victory."
262,taffeta,persian,persian,10,"From Persian tafta, the past participle of taftan meaning 'to twist, spin, weave.' The name itself describes how the fabric is made: the word for the cloth is literally 'that which has been twisted.' It travelled from Persia through Arabic, then Italian and French, into English by the 14th century."
263,aspirin,eponym,german,10,"Bayer registered the brand name in 1899 from three components: 'A' for acetyl, 'spir' from Spiraea ulmaria (meadowsweet, a plant rich in salicylic acid), and the standard drug suffix '-in.' The word is a compressed chemical recipe hiding inside a household name."
264,vitamin,medical_coinage,latin,10,"Polish biochemist Casimir Funk coined vitamine in 1912 — a portmanteau of Latin vita ('life') and amine, a nitrogen compound he believed all such nutrients contained. When the 1920s proved not all vitamins are amines, the final 'e' was quietly dropped to avoid the chemical implication."
265,serendipity,literary_coinage,persian,5,"Invented in a letter dated 28 January 1754 by Horace Walpole, who coined it from Serendip — the old Persian name for Sri Lanka — after a fairy tale about three princes who kept making lucky accidental discoveries. It remained obscure for nearly two centuries before mainstream use in the 1950s."
266,artery,latin_root,greek,10,"From Greek arteria, related to aer ('air') — the ancients genuinely believed arteries were windpipes carrying air, because arteries empty out completely in a corpse, leaving no blood. English physicians used 'artery' to mean 'trachea' as late as the mid-17th century."
267,bully,semantic_shift,dutch,5,"In the 1530s, 'bully' was a term of endearment meaning 'sweetheart' or 'dear friend' for either sex. Today it means someone who intimidates and terrorizes the weak."
268,egregious,semantic_shift,latin,10,"'Egregious' once meant 'distinguished, remarkably excellent' — literally 'rising above the flock' in Latin. Today it means the exact opposite: shockingly bad or outrageous."
269,villain,semantic_shift,latin,5,"A 'villain' was originally just a farmhand or feudal serf — the lowest class of peasant, from Latin 'villa' (country estate). Their social stigma turned the word into a synonym for evil."
270,naughty,semantic_shift,old english,10,'Naughty' originally meant 'having nothing' — literally needy and destitute — and then 'morally corrupt and wicked.' Today it just means a child is misbehaving.
271,buxom,semantic_shift,proto-germanic,10,'Buxom' originally meant 'obedient and compliant' — literally 'capable of being bent' — a virtue of submission. Today it describes a full-figured woman's body.
272,glamour,semantic_shift,old english,5,'Glamour' was originally a Scottish word for a magic spell or occult enchantment — casting 'glamour' on someone literally meant bewitching them. Today it means the sparkle of fashion and celebrity.
273,idiot,semantic_shift,greek,5,"In ancient Greek, an 'idiot' was simply a private citizen — an ordinary person who stayed out of public affairs and politics. Today it's one of the sharpest insults for stupidity."
274,garble,semantic_shift,arabic,10,'Garble' comes from the Arabic word for 'to sift' and originally meant to carefully sort and clean spices by removing impurities. Today it means to scramble and distort a message beyond recognition.
275,sophisticated,semantic_shift,medieval latin,10,"'Sophisticated' originally meant 'adulterated with inferior substances' — something corrupted and made impure. Today it's a compliment meaning worldly, refined, and cultured."
276,travel,semantic_shift,latin,10,"'Travel' traces back to Latin 'tripalium,' a three-staked torture device — 'to travel' originally meant to suffer and toil under agony. Today it's a leisure activity millions look forward to."
277,fond,semantic_shift,old norse,10,"Being 'fond' once meant being deranged, insane, or foolishly stupid in Middle English. By the 1570s it softened into meaning 'having deep affection for' someone."
278,nervous,semantic_shift,latin,10,"'Nervous' originally meant 'sinewy, muscular, and vigorous' — describing physical power and strength. Today it means anxious and fearful, essentially the opposite."
279,sad,semantic_shift,proto-germanic,10,"'Sad' in Old English meant 'sated, having had one's fill' — the feeling of being full and satisfied after eating. It slowly drifted through 'heavy' and 'weary' to become our word for grief."
280,geek,semantic_shift,low german,10,A 'geek' in early 20th-century American carnival slang was a sideshow performer who bit the heads off live animals. Today it's a badge of honor for someone with passionate tech or pop-culture expertise.
281,cheater,semantic_shift,latin,10,A 'cheater' was originally a royal government official who managed property that reverted to the Crown — a respectable legal role. Their notorious corruption eventually made their job title a synonym for fraud.
282,sofa,arabic_loanword,Arabic,10,From Arabic 'suffah' — a raised stone or wooden bench covered with carpets and cushions in a traditional Eastern interior; the word entered English via Turkish in the 1620s describing elevated floor sections in Ottoman rooms before shifting to its current meaning of a stuffed upholstered seat.
283,alembic,arabic_loanword,Arabic,10,"The distillation apparatus that gave the world perfume, whisky, and chemistry comes from Arabic 'al-anbiq', itself from Greek 'ambix' meaning cup; Arab alchemist Jabir ibn Hayyan perfected the device in the 9th century, and his Arabic article 'al-' still sits in the English word."
284,sugar,arabic_loanword,Arabic,10,"Traced back through Arabic 'sukkar' and Persian 'shakar' to Sanskrit 'sharkara' meaning grit or gravel — because crystallised sugar resembles coarse pebbles; the word journeyed west along trade routes before Arabs cultivated sugar cane in Sicily and Spain, making it rival honey for the first time in European history."
285,saffron,arabic_loanword,Persian,10,"The world's most expensive spice takes its name from Arabic 'za'faran', likely from Persian meaning 'golden leaves' — a fitting description for the vivid yellow stigmas of the crocus flower that Persian cultivators were harvesting as far back as the 10th century BC."
286,mohair,arabic_loanword,Arabic,10,"The luxurious fabric name comes from Arabic 'mukhayyar' meaning selected or choice — originally used to describe high-quality goat wool; European traders reshaped the word until it sounded like 'mo-hair', a folk etymology that accidentally made it seem to describe something it never originally referenced."
287,sequin,arabic_loanword,Arabic,10,"Those glittery fashion discs started as real Venetian gold coins — 'zecchino' from 'zecca' (the mint), from Arabic 'sikka' meaning a coin die or mould; women in the Ottoman Empire pierced them as jewellery, and when the coins became decorative rather than monetary, the meaning transformed with them."
288,tariff,arabic_loanword,Arabic,10,"From Arabic 'ta'rif' — literally 'making known, notification' — derived from the verb 'arafa' meaning to inform; what began as a public announcement or proclamation evolved through Mediterranean trade into the English word for customs duties."
289,cotton,arabic_loanword,Arabic,10,"The fabric so ubiquitous it feels native to English traces straight to Arabic 'qutn', entering Europe through medieval trade with the Arab world; Spanish keeps the Arabic definite article in 'algodon', while English dropped the 'al-' and inherited just the bare root."
290,spinach,arabic_loanword,Persian,10,"The vegetable Popeye made famous traces back through Arabic 'isbanakh' to Persian 'aspanakh'; Arab farmers spread its cultivation across the Mediterranean from the 10th century onward, carrying the Persian name with the plant into Spain, France, and England."
291,jar,arabic_loanword,Arabic,10,The humble kitchen container comes from Arabic 'jarrah' — an earthen water vessel — via Persian 'jarrah'; the word became standard Mediterranean trade vocabulary in the 13th century when Arab merchants shipped olive oil across the sea in large earthen pots that Europeans named after them.
292,talc,arabic_loanword,Arabic,10,"The baby powder mineral gets its name from Arabic 'talq', from Persian 'talk' meaning pure — because the mineral's pristine white colour suggested purity; Arab and medieval scholars applied the term to any soft, shiny transparent mineral before European naturalists narrowed it to a specific mineral."
293,karaoke,east_asian,japanese,10,"Karaoke literally means 'empty orchestra' in Japanese — 空 (kara, 'empty') + オーケ (ōke, clipped from okesutora, Japan's phonetic rendering of 'orchestra') — coined in 1979 to describe the machine that let anyone sing over a backing track."
294,kumquat,east_asian,cantonese,10,"Kumquat is straight Cantonese: 金橘 (gam gwat, 'golden orange'), borrowed in the 1690s through Canton trade — making it one of the few Cantonese words that slipped into English almost unchanged while most Chinese loanwords came through Mandarin."
295,gingham,east_asian,malay,10,"That cheerful checkered fabric got its name from Malay ginggang ('striped'), filtered into English around 1610 through Dutch traders who transliterated it as gingang — so every gingham picnic tablecloth traces back to a Malay word for striped cloth."
296,paddy,east_asian,malay,10,"Paddy field literally means 'rice-in-the-straw field': the word comes from Malay padi, meaning rice still in its husk on the stalk — English dropped the precision and now uses it for any flooded rice field, even after the grain is harvested."
297,sarong,east_asian,malay,10,"Sarong entered English in 1834 directly from Malay sarung, meaning 'sheath' or 'covering' — the garment's name is essentially a functional descriptor: it sheathes the lower body, and the word itself was adopted unchanged from the Malay national dress."
298,tofu,east_asian,mandarin,10,Tofu literally means 'rotten beans' — Mandarin 豆腐 (dòufu: dòu 'beans' + fu 'fermented/rotten') — borrowed through Japanese tōfu into English in 1876; the word has always been honest about the fermentation process that makes it.
299,zen,east_asian,sanskrit,10,"Zen traveled three languages to reach English: Sanskrit dhyāna ('meditation') became Chinese chán, which became Japanese zen, which entered English in 1727 — every layer of transmission preserved the core meaning of meditative stillness."
300,samurai,east_asian,japanese,10,"Samurai 侍 descends from the classical Japanese verb saburafu ('to serve, to attend upon'), itself built from sa- (a prefix meaning 'early') + morafu ('to keep watch') — so the feared warrior class started life linguistically as a household attendant."
301,ninja,east_asian,japanese,10,"Ninja 忍者 combines 忍 (nin, 'to endure, to conceal oneself') + 者 (ja, 'person') — but the word was barely used in Japanese itself until post-WWII manga series popularized it, and English only adopted it after the 1981 film Enter the Ninja."
302,ohm,eponym,german,10,"Named after Georg Simon Ohm (1789–1854), the German physicist who formulated Ohm's Law relating voltage, current, and resistance; formally adopted as the SI unit in 1867."
303,watt,eponym,english,10,"Named after James Watt (1736–1819), the Scottish engineer who vastly improved the steam engine; the unit of electrical power was formally proposed and adopted in 1882."
304,ampere,eponym,french,10,"Named after André-Marie Ampère (1775–1836), the French physicist who laid the foundations of electrodynamics; adopted by the Electric Congress in Paris in 1881 as the SI unit of current."
305,volt,eponym,italian,10,"Named after Alessandro Volta (1745–1827), the Italian physicist who invented the electric battery; back-formed from 'voltaic' (1813) and formally adopted as the SI unit of electromotive force in 1873."
306,hertz,eponym,german,10,"Named after Heinrich Hertz (1857–1894), the German physicist who first conclusively proved the existence of electromagnetic waves; adopted as the SI unit of frequency equal to one cycle per second in 1928."
307,pompadour,eponym,french,10,"Named after Jeanne-Antoinette Poisson, Marquise de Pompadour (1721–1764), mistress of Louis XV from 1745, who popularised the upswept hair style rolled off the forehead over a cushion; fashionable from the 1750s."
308,dobermann,eponym,german,10,"Named after Karl Friedrich Louis Dobermann (1834–1894), a German tax collector and dog-pound keeper in Apolda who deliberately bred the sleek, fierce guardian dog in the 1880s."
309,thespian,eponym,greek,10,"Named after Thespis, the semi-legendary 6th-century BCE Athenian poet from Icaria who is credited as the first actor to step out of the chorus and play an individual role; the adjective appeared in English by the 1670s."
310,mackintosh,eponym,english,10,"Named after Charles Macintosh (1766–1843), the Scottish chemist who patented a rubber-based waterproofing process on June 17, 1823 (patent no. 4804); the waterproof coat bearing his name was in common use by 1836."
311,bloomers,eponym,english,10,"Named after Amelia Jenks Bloomer (1818–1894), the American feminist reformer and editor who championed and publicised the loose trouser-style women's garment in 1851 as a practical alternative to restrictive skirts."
312,bunsen,eponym,german,10,"Named after Professor Robert Wilhelm Bunsen (1811–1899) of Heidelberg, who invented the gas burner in 1855 to provide a clean, hot, non-luminous flame for laboratory work; 'Bunsen burner' is recorded from 1879."
313,cul-de-sac,compound_hidden,french,10,"From French 'cul-de-sac' — literally 'bottom of a sack,' from Latin 'culus' (backside/bottom). First used anatomically in 1738 for a tube closed at one end; applied to dead-end streets by 1819. Your suburban dead-end street is named after a bag's fundament."
314,balcony,compound_hidden,italian,10,"From Italian 'balcone,' from 'balco' (scaffold, beam), which traces back to Lombard/Germanic roots — the same root as Old English 'balca' (ridge, beam). Your balcony is literally named for the wooden beam it projects from."
315,vendetta,n_shift,italian,10,"From Italian 'vendetta' (blood feud), from Latin 'vindicta' (vengeance, revenge), the same root that gives us 'vindicate.' Entered English in 1846, particularly associated with Corsican clan feuds where entire families were bound to avenge a single slight across generations."
316,armada,military_roman,spanish,10,"From Spanish 'armada' (armed force), from Medieval Latin 'armata,' from 'armare' (to arm). Entered English in the 1530s; the word became permanently associated with the 1588 Spanish fleet destroyed by storms and English ships — a 130-vessel 'Invincible Armada' that wasn't."
317,mosquito,compound_hidden,spanish,10,"From Spanish 'mosquito,' the diminutive of 'mosca' (fly), from Latin 'musca.' When Spanish explorers encountered the insects of the Americas in the 1580s they simply called them 'little flies.' The word entered English and stuck, carrying its tiny, dismissive suffix."
318,aficionado,n_shift,spanish,10,"From Spanish 'aficionado' (devotee, originally of bullfighting), from 'afición' (passion, enthusiasm), from Latin 'affectionem.' Entered English in 1845. The word originally described people whose passion for bullfighting was so intense they would participate as amateurs rather than paid professionals."
319,escapade,semantic_shift,spanish,10,"From French 'escapade' and Spanish 'escapada,' from 'escapar' (to escape), tracing to Vulgar Latin 'excappare' — literally 'to get out of one's cape' (ex- + cappa). Originally meant escape from confinement; by 1814 it had shifted to mean any rule-breaking adventure or prank."
320,parasol,compound_hidden,italian,10,"From French 'parasol,' from Italian 'parasole' — literally 'para-' (defense against) + 'sole' (sun). Originally a prestige object used by high-ranking persons in the East and fashionable European women to shield themselves from the sun, not the rain — a sun-blocker, not a rain cover."
321,denizen,compound_hidden,french,10,"From Anglo-French 'deinzein,' from Old French 'deinz' (within), from Late Latin 'deintus.' Originally a precise legal term for an alien granted certain rights of citizenship — one who lived 'within' the city walls and its privileges, as opposed to a 'foreign' outsider."
322,ostrich,compound_hidden,french,10,"From Old French 'ostruche,' from Medieval Latin, from Vulgar Latin 'avis struthio' — literally 'bird sparrow' (avis = bird, struthio from Greek 'strouthos' = sparrow). The ancient Greeks called it a 'big sparrow' or 'camel-sparrow' (strouthokamelos), and that absurd name is buried inside the word we use today."
323,omelette,folk_etymology,french,10,"From French 'omelette' (16c.), via 'alemette' and 'alemelle' — a misdivision of 'la lemelle' (the thin plate/blade), ultimately from Latin 'lamella' (thin plate, diminutive of lamina). The egg dish was named for its flat, blade-like shape, not its ingredients. The word is a scrambled corruption of the Latin for a metal sheet."
324,freelance,literary_coinage,old english,10,"Coined by Sir Walter Scott in his 1819 novel 'Ivanhoe' to describe a medieval mercenary knight whose lance was pledged to no particular lord — a literal 'free lance.' The term quickly left fiction and by the 1860s described any self-employed professional, making it one of the few common workplace terms traceable to a specific novel."
325,belfry,folk_etymology,germanic,10,"Nothing to do with bells: from Old North French 'berfroi,' meaning a movable wooden siege tower, from Proto-Germanic *berg-frithu (high protective shelter). By the 15th century, detached church bell towers resembled siege towers, the word shifted to them, and the spelling was altered by association with 'bell' — erasing the word's entirely military origin."
326,kidnap,compound_hidden,old english,10,"Attested c. 1680 as thieves' cant: kid (child) + nap (dialectal form of 'nab,' to snatch). The original crime was specifically stealing children to ship as indentured labourers to the American colonies — the 'nap' was literal theft of a 'kid.' The meaning later broadened to any abduction."
327,slogan,compound_hidden,scottish gaelic,10,"From Scottish Gaelic 'sluagh-ghairm' — army-cry or war-shout (sluagh = army or host, gairm = cry or call). Scottish and Irish clans used distinctive battle cries to identify friend from foe in medieval combat; by 1704 the word had softened into the political or commercial catchphrase we know today."
328,daisy,compound_hidden,old english,10,"From Old English 'dæges eage' — literally 'day's eye' (dæg = day, eage = eye). The daisy closes its petals at nightfall and opens at dawn; Anglo-Saxon observers named the flower after the eye of the day — the sun — seeing in its yellow centre and white rays a miniature sunrise that tracked the sky."
329,woman,compound_hidden,old english,10,"From Old English 'wifman' — a compound of wif (female person) and man (person, originally gender-neutral for any human). To specify a female human in Old English you prepended 'wif-' to the general word for person. When 'man' later narrowed to mean male only, the earlier logic inside 'woman' became completely invisible."
330,sheriff,compound_hidden,old english,10,"From Old English 'scirgerefa' — literally 'shire-reeve' (scir = shire or district, gerefa = chief official). The shire-reeve was the king's administrative and legal officer in each territorial division; the compound compressed phonetically across centuries into 'sheriff,' hiding its two-part governmental meaning entirely."
331,stentorian,greek_myth,greek,10,"Around 1600, English borrowed the name of Stentor — the Greek herald in the Iliad whose voice Homer compared to the combined volume of fifty men — to coin 'stentorian' as an adjective for extreme loudness. The name itself derives from Greek stenein ('to groan'), a root shared with the PIE ancestor of 'thunder.'"
332,procrustean,greek_myth,greek,10,"Coined in 1822 from Procrustes ('the Stretcher'), the mythological bandit of Attica who offered travellers his iron bed and then either stretched their limbs or amputated their legs to make them fit — his name is literally 'one who hammers out.' A word for enforcing arbitrary conformity carries a uniquely graphic backstory."
333,halcyon,greek_myth,greek,10,"From the 1540s, 'halcyon days' translated Latin alcyonei dies: the fourteen windless days around the winter solstice when legend said the kingfisher — identified with Halcyone, daughter of Aeolus who drowned herself in grief and was transformed into a bird — built a floating nest that her father, god of winds, calmed the seas to protect."
334,python,greek_myth,greek,10,"From Greek Pythōn, the great earth-serpent slain by Apollo near Delphi (the site was formerly called Pythō, possibly from pythein 'to rot,' referencing the serpent's decaying carcass). The name transferred to large tropical constrictors by 1836 — so the snake is named after a mythological corpse."
335,iridescent,greek_myth,greek,10,"Coined in 1784 from Latin iris/iridis, from Greek iris — simultaneously the name of the rainbow-messenger goddess and Homer's ordinary word for 'rainbow.' Every shimmering surface described as iridescent carries the 2,500-year-old name of the goddess who wore rainbows as her robe."
336,protean,greek_myth,greek,10,"In use since the 1590s, 'protean' derives from Proteus, the Homeric sea-god who evaded questioners by shape-shifting into fire, water, and beasts — he would only answer if you pinned him down through all his transformations. His name means 'first' in Greek, possibly marking him as a primordial deity."
337,chimerical,greek_myth,greek,10,"Dated to the 1630s, built on chimera (Greek khimaira, literally 'year-old she-goat'), the fire-breathing composite monster — lion's head, goat's body, dragon's tail — slain by Bellerophon. The figurative English sense of 'a wild impossible scheme' was already recorded by c. 1580, before the adjective form appeared."
338,draconian,greek_myth,greek,10,"Draco (~621 BC) drafted Athens' first written legal code, prescribing death as the penalty for nearly every offense — the ancient sources say he chose death because he could think of nothing harsher for the most serious crimes. The adjective entered English in 1759 and within two decades had generalized to any law of extreme severity."
339,sybaritic,greek_myth,greek,10,"Sybaris was a Greek colony in southern Italy (flourishing 720–510 BC) so legendarily devoted to pleasure that its citizens allegedly trained their horses to dance at festivals — and their enemies exploited this by playing pipes as they attacked, causing the cavalry to dance instead of fight. 'Sybaritic' entered English in the 1610s directly from that reputation."
340,stoic,greek_myth,greek,10,"Zeno of Citium (~334–262 BC) taught at the Stoa Poikile ('Painted Porch') in Athens, a colonnade decorated with murals of the Battle of Marathon — his school took its name from the building, not any doctrine. The Greek stoa derives from PIE *sta- ('to stand firm'), an accidentally perfect root for a philosophy of impassive endurance."
341,hypnosis,greek_myth,greek,10,"Scottish surgeon James Braid coined 'neuro-hypnotism' in 1842 — shortened to 'hypnotism' in 1843 — deliberately choosing Greek hypnos, the god of sleep, because the state resembled slumber. 'Hypnosis' followed as a clinical variant by 1850, making the ancient sleep-god's name a permanent fixture of modern psychiatry."
342,nemesis,greek_myth,greek,10,"Nemesis entered English in the 1570s as the name of the Greek goddess of righteous distribution, from nemein ('to distribute, allot one's due') — she was literally the divine accountant who ensured no mortal accumulated more fortune than their share. Her name became a common noun for retributive justice by the 1590s."
343,echo,greek_myth,greek,10,"Dating to the mid-1300s, 'echo' comes from Greek ēkhō — the name of the mountain nymph who pined for Narcissus until only her voice remained. Greek myth had personified the acoustic phenomenon as a grieving girl, and her name passed directly into English as the common noun for the reflected sound."
344,erotic,greek_myth,greek,10,"Borrowed into English in the 1650s from Greek erotikos, from eros — simultaneously the word for desire and the name of the god of love. In Greek the divine name and the common emotion were the same word; English kept them fused in 'erotic,' making the god's name inseparable from the concept he personified."
345,dinosaur,greek_myth,greek,10,"Coined in 1841 by English anatomist Sir Richard Owen from Greek deinos ('terrible, wondrous') and sauros ('lizard') to name a newly recognized order of extinct reptiles. The figurative sense — an outdated institution lumbering toward extinction — didn't appear until 1952, more than a century after the bones."
346,encyclopedia,greek_myth,greek,10,"From Greek enkyklios paideia — 'training in a circle' (enkyklios = circular/general, paideia = education/child-rearing) — the ancient ideal of a complete round of learning that every educated person should complete. The alphabetical reference-book format we know today only emerged in the 1640s, more than a century after the word arrived in English."
347,expensive,latin_root,latin,10,"From Latin expendere, 'to weigh out money' — from ex ('out') + pendere ('to hang, to weigh'). Ancient Romans didn't count coins; they weighed them on a scale. Something expensive was something that required a heavy weighing-out of silver."
348,peculiar,semantic_shift,latin,10,"From Latin peculium, 'private property in cattle' (from pecus, 'livestock'). It originally meant belonging exclusively to one person — your own private cattle. By 1600 the 'private' sense drifted: if something belongs to you alone it looks odd to everyone else, hence 'peculiar' meaning strange."
349,obsequious,semantic_shift,latin,10,"From Latin obsequiosus, 'compliant, dutiful,' from obsequi — 'to follow after' (ob = after, sequi = to follow). Originally neutral praise for a loyal follower; by the 1590s the excess of following became contemptible, and 'obsequious' flipped to mean sycophantic."
350,manufacture,compound_hidden,latin,10,"From Latin manus ('hand') + factura ('a making,' from facere 'to do'). Manufacture literally means 'made by hand.' The word was coined before the Industrial Revolution and has silently kept its artisan meaning even as factories replaced handcraft entirely."
351,volume,compound_hidden,latin,10,"From Latin volumen, 'a roll, scroll' — from volvere, 'to roll.' A Roman 'volume' was a papyrus scroll you physically unrolled to read. The word for the size of a sound or the bulk of a 3D object is still, etymologically, a papyrus scroll."
352,savanna,native_american,taino,10,"From Taino 'zabana', the indigenous Caribbean word for a treeless plain — Spanish colonists borrowed it for the flat grasslands they encountered, and it became the standard English term for tropical grasslands worldwide, carrying a Caribbean word to describe African landscapes."
353,iguana,native_american,taino,10,"From Taino/Arawakan 'iwana', first recorded in Richard Eden's 1555 'Decades of the New World' where he described creatures resembling crocodiles measuring eight feet long — one of the earliest written records of any indigenous Caribbean word entering European languages."
354,maize,native_american,taino,10,"From Taino/Arawakan 'mahiz', borrowed into Cuban Spanish and then English in the 1550s; Europeans called it 'Turkey corn' for centuries under the mistaken belief that it came from Turkey, the same geographic confusion that gave turkeys their name."
355,moose,native_american,algonquian,10,"From Narragansett or Abenaki Algonquian 'moos' or 'moz', meaning 'he strips off' — a reference to the moose's habit of stripping bark from trees in winter; the animal's name is literally a description of its feeding behavior, not its appearance."
356,piranha,native_american,tupi,10,"From Tupi 'pira nya' — 'pira' (fish) + 'nya' (biting), literally 'biting fish'; the name entered English via Portuguese in 1869, and the Tupi-speaking peoples of Brazil gave the world's most feared freshwater fish one of the most literal names in any language."
357,condor,native_american,quechua,10,"From Quechua 'cuntur', the sacred native name for the world's largest flying bird; the Inca venerated the condor as a messenger to the gods and carved it into ritual objects — the bird entered English around 1600 along with Spanish accounts of the Inca empire."
358,puma,native_american,quechua,10,"From Quechua 'puma', the Inca word for the mountain lion that was a central symbol of Inca military power — the Inca capital Cusco was reportedly designed in the shape of a puma from above; the word entered English in 1777 via Spanish colonial accounts."
359,mesquite,native_american,nahuatl,10,"From Nahuatl 'mizquitl', the Aztec name for this shrub of the pea family; first recorded in English in 1759 via Mexican Spanish, the tree was so critical to desert survival that many Southwestern American place names are derived from it — the Nahuatl root outlasted the Aztec empire by centuries."
360,moccasin,native_american,algonquian,10,"From Powhatan/Algonquian 'makasin' (shoe), documented in the 1610s; by 1784 the same word had been applied to venomous snakes in the American South — etymologists remain baffled by the sense connection between footwear and a deadly snake, calling it 'difficult to explain'."
361,petunia,native_american,guarani,10,"The ornamental garden flower is named after tobacco: French botanists coined 'petunia' (1789) from 'petun', their word for the tobacco plant, which came from Guarani 'pety'; the petunia was recognized as a botanical relative of tobacco, and its name still carries that connection."
362,argosy,placename,italian,10,"An argosy — a large merchant ship laden with treasure — is not named after the mythical Argo but after Ragusa, the Adriatic city-state now known as Dubrovnik, Croatia. In the 1570s, Ragusan merchant vessels ('nave Ragusea' in Italian) dominated trade between the Levant and England; the city's name garbled into 'argosy' as its ships became synonymous with wealth."
363,suede,placename,french,10,"The soft, napped leather is named after Sweden — via a French fashion trend. In the 1850s, French glove-makers marketed butter-soft kid-skin gloves as 'gants de Suède' (gloves of Sweden); the material's name entered English in 1884, though the Swedish gloves that inspired it were long forgotten."
364,cognac,placename,french,10,"The word 'cognac' is simply the name of Cognac, a small town in the Charente region of western France. References to 'Conniacke wine' appear as early as the 1590s; by the 1680s it specifically meant the double-distilled brandy that had made the town famous — a direct, unbroken line from French terroir to English vocabulary."
365,cologne,placename,french,10,"Cologne (the fragrance) is named after Cologne, Germany — where Italian chemist Johann Maria Farina created his signature scent in 1709, naming it 'Eau de Cologne' (water from Cologne). The city itself had been 'Colonia Agrippina' since 50 CE, named for Agrippina the Younger, wife of the Roman emperor Claudius, who was born there."
366,cordwainer,placename,old_french,10,"The archaic English word for shoemaker — 'cordwainer' — survives from medieval Córdoba, Spain, the city whose tanneries produced the finest leather in Europe. Workers who crafted shoes from that Cordovan leather became 'cordwainers'; the Guild of Cordwainers in London, founded in 1272, still exists today under that name."
367,pundit,semantic_shift,sanskrit,10,"From Sanskrit pandita, a title for scholars rigorously trained in Vedic texts, law, and sacred language — a credential requiring decades of study. By 1816, English was using it loosely for any opinionated commentator, a dilution that would horrify the original panditas."
368,cot,sanskrit_loanword,sanskrit,10,"This everyday nursery word comes from Hindi khat and Sanskrit khatva, meaning a couch or hammock. British sailors adopted it in the 1760s for canvas hammock beds on ships, and it eventually settled into English as the folding child's bed we know today."
369,dinghy,sanskrit_loanword,sanskrit,10,"This small boat word traces back to Hindi dingi, from Sanskrit drona-m meaning 'wooden trough' — itself from a Proto-Indo-European root meaning firm, solid wood. The same ancient root that gave us 'tree,' 'durable,' and even 'Druid' also gave us the humble dinghy."
370,calico,placename,tamil,10,"Named after Calicut (modern Kozhikode) on India's Malabar Coast — a Tamil trading port so famous for its white cotton exports in the 1530s that the fabric took the city's name. By 1807 Americans were using 'calico' to describe any multi-patched animal coat, from horses to cats."
371,bandana,sanskrit_loanword,sanskrit,10,"From Hindi bandhan, 'the act of binding,' itself from Sanskrit badhnati, 'he binds.' A bandana is literally a binding cloth — and remarkably, it shares a deep Proto-Indo-European ancestor with the English word 'bind,' making them linguistic twins separated by thousands of years."
372,opal,sanskrit_loanword,sanskrit,10,"Sanskrit upala simply meant 'gem' or 'precious stone' — no specific color or type. The word traveled through Greek opallios and Latin opalus before reaching English in the 1590s, retaining the same meaning across three millennia of trade routes and language change."
373,candy,sanskrit_loanword,sanskrit,10,"Sanskrit khanda meant 'piece of sugar' — a word for the chunks of crystallized cane sugar traded across the ancient world. It traveled through Persian qand and Arabic qandi into French before reaching English in the 13th century, meaning specifically crystallized sugar for centuries before broadening to all confections."
374,ginger,sanskrit_loanword,sanskrit,10,"Sanskrit srngaveram meant 'horn body' — a vivid description of the knobby shape of a ginger root. The word passed through Prakrit, Greek, Latin, and Old French before reaching Old English, making ginger one of the oldest Sanskrit-origin words in the language."
375,pepper,semantic_shift,sanskrit,10,"Sanskrit pippali referred specifically to long pepper, a distinct plant that was the main spice of ancient trade. When Spanish explorers found hot chili plants in the Americas in the 1500s, they named them 'pepper' after the unrelated Asian spice — and the mistaken name stuck for all capsicum plants worldwide."
376,mango,sanskrit_loanword,tamil,10,Tamil mankay combines man ('mango tree') and kay ('fruit') — a straightforward compound that traveled through Malay and Portuguese before English traders documented it in the 1580s. The same Captain Bligh infamous for the Bounty mutiny introduced mango trees to Jamaica in 1793.
377,mantra,semantic_shift,sanskrit,10,"Sanskrit mantra literally means 'instrument of thought' — from man ('to think') and the tool suffix -tra. It entered English in 1808 referring to Vedic hymns; today it is used for everything from meditation phrases to corporate mission statements, drifting far from its sacred origins."
378,yoga,semantic_shift,sanskrit,10,"Sanskrit yoga means 'union' or 'yoking' — specifically the union of the individual soul with the universal spirit through meditation. The same Proto-Indo-European root gave English 'yoke' and 'join.' Today's billion-dollar fitness industry has made yoga almost entirely about physical postures, stripping the original metaphysical core."
379,dungaree,placename,hindi,10,"From Hindi dungri, the name of a village near Bombay (now Mumbai) where coarse blue cotton cloth was produced. The fabric entered English records in the 1610s as sailors' workwear; by 1868, 'dungarees' had shifted meaning entirely — from a cloth type to the trousers sewn from it."
380,gene,medical_coinage,greek,10,"Danish botanist Wilhelm Johannsen coined gene in 1909 by clipping the last syllable of pangene (a term coined by Hugo de Vries), itself from Greek genea 'generation, descent.' He simultaneously invented the terms genotype and phenotype to describe the difference between genetic code and observable traits."
381,clone,latin_root,greek,10,"From Greek klon, 'twig or cutting from a plant.' The word began as a pure botany term — American plant physiologist Herbert Webber introduced it in 1903 to describe plants propagated from cuttings. Only in 1963 did J.B.S. Haldane extend it to the sci-fi sense of genetically identical beings."
382,oxygen,literary_coinage,greek,10,"Antoine Lavoisier coined the word in 1777 from Greek oxys ('sharp, sour') and -genes ('born of') — literally 'acid producer,' because he believed, incorrectly, that oxygen was the essential ingredient in every acid. The name enshrined a scientific error that we still use today."
383,biscuit,latin_root,latin,10,"From Old French bescuit, from Medieval Latin biscoctum: bis ('twice') + coctus ('cooked'). Medieval bakers literally baked bread twice — once to cook it, once to dry it out completely — creating the rock-hard, non-perishable ration carried by Roman legions and medieval sailors."
384,marmalade,placename,portuguese,10,"From Portuguese marmelada, a preserve made from marmelo ('quince'), which traces back through Latin to Greek melimēlon — literally 'honey apple.' English records show marmalade imports as early as 1480; for its first 150 years in English it meant a quince preserve, not citrus."
385,paisley,placename,english,10,"Named for Paisley, a town in west Scotland whose weavers began copying Kashmir shawls on jacquard looms after 1800. The motif itself — called boteh or buta in Persian — is 2,500 years old, but 'paisley' as the English name stuck because Scotland became the dominant European manufacturer."
386,tartan,placename,french,10,"Despite its Celtic associations, tartan likely comes from French tiretaine, a coarse linsey-woolsey cloth (attested in French from the 13th century), not from Scottish Gaelic. The clan-specific pattern system so beloved today was only invented around 1815 — historians now consider it a largely fabricated tradition."
387,gymnasium,latin_root,greek,10,"From Greek gymnasion, from gymnazein 'to exercise naked' — because gymnos meant 'naked.' Greek athletes truly competed and trained nude, rubbing themselves with olive oil. The word carried that literal meaning into Latin and then English before politely dropping the nudity connotation."
388,iridium,greek_myth,greek,10,"Named in 1803 by English chemist Smithson Tennant from Greek Iris, goddess of the rainbow, because the element's salts dissolved into a dazzling array of colours — reds, yellows, blues — unlike anything previously seen in a single metal. The element's name is literally 'rainbow metal.'"
389,meat,semantic_shift,proto-germanic,10,"'Meat' in Old English meant any food at all — vegetables, dairy, and grain were all 'meat.' The meaning narrowed over centuries until it referred exclusively to animal flesh."
390,deer,semantic_shift,proto-germanic,10,"'Deer' was the Old English word for any wild animal at all — bears, wolves, and boars were all 'deer.' It narrowed to one specific creature, probably because deer became the most prized quarry of hunters."
391,cute,semantic_shift,latin,10,"'Cute' started as a shortening of 'acute' in the 1730s, meaning clever, sharp-witted, and shrewd. By the 1830s American slang had converted it entirely into a word for physical attractiveness."
392,pretty,semantic_shift,proto-germanic,10,"'Pretty' originally meant 'cunning, crafty, and wily' — describing someone skilled in tricks and deception. Today it is purely about physical appearance and attractiveness."
393,quick,semantic_shift,proto-germanic,10,"'Quick' originally meant 'alive, living' — the phrase 'the quick and the dead' survives to remind us. Today the word exclusively means fast or rapid, with its life-and-death origins forgotten."
394,spinster,semantic_shift,old english,10,A 'spinster' was simply a woman whose occupation was spinning thread — a neutral job title. It morphed into a legal and then derogatory term for an unmarried older woman.
395,pedant,semantic_shift,greek,10,"A 'pedant' in the 1580s was simply a schoolmaster or teacher — a neutral occupational title. Within a decade it had flipped to mean someone who flaunts minor knowledge in an irritating, narrow-minded way."
396,girl,semantic_shift,proto-germanic,10,"Around 1300, 'girl' referred to any child or young person regardless of sex — a boy could be a 'girl.' It narrowed to female only by the late 14th century."
397,brave,semantic_shift,latin,10,"'Brave' traces to roots meaning 'wild, savage' and possibly even 'cutthroat or villain' in Medieval Latin. It elevated over time into the admirable quality of courageous valor we celebrate today."
398,lemon,arabic_loanword,Arabic,20,"From Arabic 'laimun' and Persian 'limun', possibly tracing back to Malay 'limaw' — Arab traders brought the fruit and its name from India to the Levant in the 9th or 10th century, from where it spread across the Mediterranean into European kitchens and languages."
399,caravan,persian,Persian,20,From Persian 'karwan' — a group of desert travellers — the word entered European languages through the Crusades and was reinforced by Silk Road traders; what started as a term for camel-borne merchant convoys eventually became the British word for a holiday trailer.
400,carafe,arabic_loanword,Arabic,20,"The glass vessel on restaurant tables comes from Arabic 'gharrafa' — a vessel for drawing water, from 'gharafa' meaning to draw or scoop — travelling through Italian and French before becoming standard English table vocabulary in 1786."
